game_size,seed,algorithm,br_calls,full_exploitability
10,0,double_oracle,1,1.603426e+00
10,0,fictitious_play,1,1.263739e+00
10,0,double_oracle,2,1.546825e+00
10,0,fictitious_play,2,1.053293e+00
10,0,double_oracle,3,1.405178e+00
10,0,fictitious_play,3,7.899700e-01
10,0,double_oracle,4,3.391668e-01
10,0,fictitious_play,4,6.372702e-01
10,0,double_oracle,5,1.144983e-01
10,0,fictitious_play,5,5.423505e-01
10,0,double_oracle,6,4.242211e-01
10,0,fictitious_play,6,4.648719e-01
10,0,double_oracle,7,2.378952e-01
10,0,fictitious_play,7,4.067629e-01
10,0,double_oracle,8,1.734723e-16
10,0,fictitious_play,8,3.615670e-01
10,0,double_oracle,9,1.734723e-16
10,0,fictitious_play,9,3.528472e-01
10,0,double_oracle,10,1.734723e-16
10,0,fictitious_play,10,3.306785e-01
10,0,double_oracle,11,1.734723e-16
10,0,fictitious_play,11,3.031219e-01
10,0,double_oracle,12,1.734723e-16
10,0,fictitious_play,12,2.991561e-01
10,0,double_oracle,13,1.734723e-16
10,0,fictitious_play,13,2.777879e-01
10,0,double_oracle,14,1.734723e-16
10,0,fictitious_play,14,2.818206e-01
10,0,double_oracle,15,1.734723e-16
10,0,fictitious_play,15,2.642068e-01
10,0,double_oracle,16,1.734723e-16
10,0,fictitious_play,16,2.486653e-01
10,0,double_oracle,17,1.734723e-16
10,0,fictitious_play,17,2.574783e-01
10,0,double_oracle,18,1.734723e-16
10,0,fictitious_play,18,2.819685e-01
10,0,double_oracle,19,1.734723e-16
10,0,fictitious_play,19,3.074685e-01
10,0,double_oracle,20,1.734723e-16
10,0,fictitious_play,20,2.928272e-01
10,0,double_oracle,21,1.734723e-16
10,0,fictitious_play,21,2.795168e-01
10,0,double_oracle,22,1.734723e-16
10,0,fictitious_play,22,2.673639e-01
10,0,double_oracle,23,1.734723e-16
10,0,fictitious_play,23,2.562238e-01
10,0,double_oracle,24,1.734723e-16
10,0,fictitious_play,24,2.519808e-01
10,0,double_oracle,25,1.734723e-16
10,0,fictitious_play,25,2.565232e-01
10,0,double_oracle,26,1.734723e-16
10,0,fictitious_play,26,2.470224e-01
10,0,double_oracle,27,1.734723e-16
10,0,fictitious_play,27,2.382001e-01
10,0,double_oracle,28,1.734723e-16
10,0,fictitious_play,28,2.527290e-01
10,0,double_oracle,29,1.734723e-16
10,0,fictitious_play,29,2.443047e-01
10,0,double_oracle,30,1.734723e-16
10,0,fictitious_play,30,2.364239e-01
10,0,double_oracle,31,1.734723e-16
10,0,fictitious_play,31,2.290357e-01
10,0,double_oracle,32,1.734723e-16
10,0,fictitious_play,32,2.225783e-01
10,0,double_oracle,33,1.734723e-16
10,0,fictitious_play,33,2.160319e-01
10,0,double_oracle,34,1.734723e-16
10,0,fictitious_play,34,2.098595e-01
10,0,double_oracle,35,1.734723e-16
10,0,fictitious_play,35,2.040301e-01
10,0,double_oracle,36,1.734723e-16
10,0,fictitious_play,36,1.985158e-01
10,0,double_oracle,37,1.734723e-16
10,0,fictitious_play,37,1.987498e-01
10,0,double_oracle,38,1.734723e-16
10,0,fictitious_play,38,1.936536e-01
10,0,double_oracle,39,1.734723e-16
10,0,fictitious_play,39,1.888123e-01
10,0,double_oracle,40,1.734723e-16
10,0,fictitious_play,40,1.842071e-01
10,0,double_oracle,41,1.734723e-16
10,0,fictitious_play,41,1.798212e-01
10,0,double_oracle,42,1.734723e-16
10,0,fictitious_play,42,1.756393e-01
10,0,double_oracle,43,1.734723e-16
10,0,fictitious_play,43,1.716475e-01
10,0,double_oracle,44,1.734723e-16
10,0,fictitious_play,44,1.678331e-01
10,0,double_oracle,45,1.734723e-16
10,0,fictitious_play,45,1.641846e-01
10,0,double_oracle,46,1.734723e-16
10,0,fictitious_play,46,1.641100e-01
10,0,double_oracle,47,1.734723e-16
10,0,fictitious_play,47,1.660274e-01
10,0,double_oracle,48,1.734723e-16
10,0,fictitious_play,48,1.626391e-01
10,0,double_oracle,49,1.734723e-16
10,0,fictitious_play,49,1.593863e-01
10,0,double_oracle,50,1.734723e-16
10,0,fictitious_play,50,1.653840e-01
10,0,double_oracle,51,1.734723e-16
10,0,fictitious_play,51,1.622035e-01
10,0,double_oracle,52,1.734723e-16
10,0,fictitious_play,52,1.591431e-01
10,0,double_oracle,53,1.734723e-16
10,0,fictitious_play,53,1.561960e-01
10,0,double_oracle,54,1.734723e-16
10,0,fictitious_play,54,1.533560e-01
10,0,double_oracle,55,1.734723e-16
10,0,fictitious_play,55,1.506175e-01
10,0,double_oracle,56,1.734723e-16
10,0,fictitious_play,56,1.479751e-01
10,0,double_oracle,57,1.734723e-16
10,0,fictitious_play,57,1.454238e-01
10,0,double_oracle,58,1.734723e-16
10,0,fictitious_play,58,1.429590e-01
10,0,double_oracle,59,1.734723e-16
10,0,fictitious_play,59,1.405764e-01
10,0,double_oracle,60,1.734723e-16
10,0,fictitious_play,60,1.382718e-01
10,1,double_oracle,1,1.068440e+00
10,1,fictitious_play,1,8.058128e-01
10,1,double_oracle,2,1.407642e+00
10,1,fictitious_play,2,8.090003e-01
10,1,double_oracle,3,3.391906e-01
10,1,fictitious_play,3,6.067502e-01
10,1,double_oracle,4,4.967614e-01
10,1,fictitious_play,4,4.854002e-01
10,1,double_oracle,5,2.547848e-01
10,1,fictitious_play,5,5.148585e-01
10,1,double_oracle,6,5.822304e-03
10,1,fictitious_play,6,4.899786e-01
10,1,double_oracle,7,2.324529e-16
10,1,fictitious_play,7,4.291449e-01
10,1,double_oracle,8,2.324529e-16
10,1,fictitious_play,8,3.814621e-01
10,1,double_oracle,9,2.324529e-16
10,1,fictitious_play,9,3.433159e-01
10,1,double_oracle,10,2.324529e-16
10,1,fictitious_play,10,3.184702e-01
10,1,double_oracle,11,2.324529e-16
10,1,fictitious_play,11,2.919310e-01
10,1,double_oracle,12,2.324529e-16
10,1,fictitious_play,12,3.255412e-01
10,1,double_oracle,13,2.324529e-16
10,1,fictitious_play,13,3.573099e-01
10,1,double_oracle,14,2.324529e-16
10,1,fictitious_play,14,3.455556e-01
10,1,double_oracle,15,2.324529e-16
10,1,fictitious_play,15,3.239584e-01
10,1,double_oracle,16,2.324529e-16
10,1,fictitious_play,16,3.049020e-01
10,1,double_oracle,17,2.324529e-16
10,1,fictitious_play,17,2.879630e-01
10,1,double_oracle,18,2.324529e-16
10,1,fictitious_play,18,2.728070e-01
10,1,double_oracle,19,2.324529e-16
10,1,fictitious_play,19,2.695920e-01
10,1,double_oracle,20,2.324529e-16
10,1,fictitious_play,20,2.567542e-01
10,1,double_oracle,21,2.324529e-16
10,1,fictitious_play,21,2.450836e-01
10,1,double_oracle,22,2.324529e-16
10,1,fictitious_play,22,2.344278e-01
10,1,double_oracle,23,2.324529e-16
10,1,fictitious_play,23,2.353413e-01
10,1,double_oracle,24,2.324529e-16
10,1,fictitious_play,24,2.259277e-01
10,1,double_oracle,25,2.324529e-16
10,1,fictitious_play,25,2.172382e-01
10,1,double_oracle,26,2.324529e-16
10,1,fictitious_play,26,2.201190e-01
10,1,double_oracle,27,2.324529e-16
10,1,fictitious_play,27,2.122576e-01
10,1,double_oracle,28,2.324529e-16
10,1,fictitious_play,28,2.049383e-01
10,1,double_oracle,29,2.324529e-16
10,1,fictitious_play,29,1.981071e-01
10,1,double_oracle,30,2.324529e-16
10,1,fictitious_play,30,2.078112e-01
10,1,double_oracle,31,2.324529e-16
10,1,fictitious_play,31,2.070824e-01
10,1,double_oracle,32,2.324529e-16
10,1,fictitious_play,32,2.008072e-01
10,1,double_oracle,33,2.324529e-16
10,1,fictitious_play,33,1.949011e-01
10,1,double_oracle,34,2.324529e-16
10,1,fictitious_play,34,1.893325e-01
10,1,double_oracle,35,2.324529e-16
10,1,fictitious_play,35,1.840732e-01
10,1,double_oracle,36,2.324529e-16
10,1,fictitious_play,36,1.790983e-01
10,1,double_oracle,37,2.324529e-16
10,1,fictitious_play,37,1.743852e-01
10,1,double_oracle,38,2.324529e-16
10,1,fictitious_play,38,1.858941e-01
10,1,double_oracle,39,2.324529e-16
10,1,fictitious_play,39,1.812468e-01
10,1,double_oracle,40,2.324529e-16
10,1,fictitious_play,40,1.768261e-01
10,1,double_oracle,41,2.324529e-16
10,1,fictitious_play,41,1.726160e-01
10,1,double_oracle,42,2.324529e-16
10,1,fictitious_play,42,1.686017e-01
10,1,double_oracle,43,2.324529e-16
10,1,fictitious_play,43,1.647698e-01
10,1,double_oracle,44,2.324529e-16
10,1,fictitious_play,44,1.611083e-01
10,1,double_oracle,45,2.324529e-16
10,1,fictitious_play,45,1.576059e-01
10,1,double_oracle,46,2.324529e-16
10,1,fictitious_play,46,1.542526e-01
10,1,double_oracle,47,2.324529e-16
10,1,fictitious_play,47,1.510390e-01
10,1,double_oracle,48,2.324529e-16
10,1,fictitious_play,48,1.479566e-01
10,1,double_oracle,49,2.324529e-16
10,1,fictitious_play,49,1.462059e-01
10,1,double_oracle,50,2.324529e-16
10,1,fictitious_play,50,1.433391e-01
10,1,double_oracle,51,2.324529e-16
10,1,fictitious_play,51,1.476392e-01
10,1,double_oracle,52,2.324529e-16
10,1,fictitious_play,52,1.448535e-01
10,1,double_oracle,53,2.324529e-16
10,1,fictitious_play,53,1.473780e-01
10,1,double_oracle,54,2.324529e-16
10,1,fictitious_play,54,1.446984e-01
10,1,double_oracle,55,2.324529e-16
10,1,fictitious_play,55,1.421145e-01
10,1,double_oracle,56,2.324529e-16
10,1,fictitious_play,56,1.396213e-01
10,1,double_oracle,57,2.324529e-16
10,1,fictitious_play,57,1.372140e-01
10,1,double_oracle,58,2.324529e-16
10,1,fictitious_play,58,1.348884e-01
10,1,double_oracle,59,2.324529e-16
10,1,fictitious_play,59,1.516319e-01
10,1,double_oracle,60,2.324529e-16
10,1,fictitious_play,60,1.491461e-01
10,2,double_oracle,1,6.763696e-01
10,2,fictitious_play,1,9.646117e-01
10,2,double_oracle,2,1.395646e+00
10,2,fictitious_play,2,8.932022e-01
10,2,double_oracle,3,5.817778e-01
10,2,fictitious_play,3,6.699016e-01
10,2,double_oracle,4,2.004518e+00
10,2,fictitious_play,4,7.259769e-01
10,2,double_oracle,5,3.988946e-01
10,2,fictitious_play,5,6.367660e-01
10,2,double_oracle,6,3.068763e-01
10,2,fictitious_play,6,5.457994e-01
10,2,double_oracle,7,3.330669e-16
10,2,fictitious_play,7,6.145343e-01
10,2,double_oracle,8,3.330669e-16
10,2,fictitious_play,8,5.517421e-01
10,2,double_oracle,9,3.330669e-16
10,2,fictitious_play,9,4.965679e-01
10,2,double_oracle,10,3.330669e-16
10,2,fictitious_play,10,4.514253e-01
10,2,double_oracle,11,3.330669e-16
10,2,fictitious_play,11,4.138066e-01
10,2,double_oracle,12,3.330669e-16
10,2,fictitious_play,12,4.218484e-01
10,2,double_oracle,13,3.330669e-16
10,2,fictitious_play,13,3.917164e-01
10,2,double_oracle,14,3.330669e-16
10,2,fictitious_play,14,4.022245e-01
10,2,double_oracle,15,3.330669e-16
10,2,fictitious_play,15,3.770855e-01
10,2,double_oracle,16,3.330669e-16
10,2,fictitious_play,16,3.549040e-01
10,2,double_oracle,17,3.330669e-16
10,2,fictitious_play,17,3.351871e-01
10,2,double_oracle,18,3.330669e-16
10,2,fictitious_play,18,3.175456e-01
10,2,double_oracle,19,3.330669e-16
10,2,fictitious_play,19,3.800802e-01
10,2,double_oracle,20,3.330669e-16
10,2,fictitious_play,20,3.619811e-01
10,2,double_oracle,21,3.330669e-16
10,2,fictitious_play,21,3.455275e-01
10,2,double_oracle,22,3.330669e-16
10,2,fictitious_play,22,3.880358e-01
10,2,double_oracle,23,3.330669e-16
10,2,fictitious_play,23,3.718676e-01
10,2,double_oracle,24,3.330669e-16
10,2,fictitious_play,24,3.569929e-01
10,2,double_oracle,25,3.330669e-16
10,2,fictitious_play,25,3.432624e-01
10,2,double_oracle,26,3.330669e-16
10,2,fictitious_play,26,3.305490e-01
10,2,double_oracle,27,3.330669e-16
10,2,fictitious_play,27,3.187437e-01
10,2,double_oracle,28,3.330669e-16
10,2,fictitious_play,28,3.077525e-01
10,2,double_oracle,29,3.330669e-16
10,2,fictitious_play,29,3.114984e-01
10,2,double_oracle,30,3.330669e-16
10,2,fictitious_play,30,3.014501e-01
10,2,double_oracle,31,3.330669e-16
10,2,fictitious_play,31,2.920297e-01
10,2,double_oracle,32,3.330669e-16
10,2,fictitious_play,32,2.831804e-01
10,2,double_oracle,33,3.330669e-16
10,2,fictitious_play,33,2.748515e-01
10,2,double_oracle,34,3.330669e-16
10,2,fictitious_play,34,2.669986e-01
10,2,double_oracle,35,3.330669e-16
10,2,fictitious_play,35,2.625218e-01
10,2,double_oracle,36,3.330669e-16
10,2,fictitious_play,36,2.554266e-01
10,2,double_oracle,37,3.330669e-16
10,2,fictitious_play,37,2.487049e-01
10,2,double_oracle,38,3.330669e-16
10,2,fictitious_play,38,2.423278e-01
10,2,double_oracle,39,3.330669e-16
10,2,fictitious_play,39,2.532835e-01
10,2,double_oracle,40,3.330669e-16
10,2,fictitious_play,40,2.471059e-01
10,2,double_oracle,41,3.330669e-16
10,2,fictitious_play,41,2.615303e-01
10,2,double_oracle,42,3.330669e-16
10,2,fictitious_play,42,2.595628e-01
10,2,double_oracle,43,3.330669e-16
10,2,fictitious_play,43,2.536637e-01
10,2,double_oracle,44,3.330669e-16
10,2,fictitious_play,44,2.480267e-01
10,2,double_oracle,45,3.330669e-16
10,2,fictitious_play,45,2.426348e-01
10,2,double_oracle,46,3.330669e-16
10,2,fictitious_play,46,2.374724e-01
10,2,double_oracle,47,3.330669e-16
10,2,fictitious_play,47,2.325250e-01
10,2,double_oracle,48,3.330669e-16
10,2,fictitious_play,48,2.277796e-01
10,2,double_oracle,49,3.330669e-16
10,2,fictitious_play,49,2.232240e-01
10,2,double_oracle,50,3.330669e-16
10,2,fictitious_play,50,2.307681e-01
10,2,double_oracle,51,3.330669e-16
10,2,fictitious_play,51,2.263303e-01
10,2,double_oracle,52,3.330669e-16
10,2,fictitious_play,52,2.220599e-01
10,2,double_oracle,53,3.330669e-16
10,2,fictitious_play,53,2.179477e-01
10,2,double_oracle,54,3.330669e-16
10,2,fictitious_play,54,2.139850e-01
10,2,double_oracle,55,3.330669e-16
10,2,fictitious_play,55,2.101638e-01
10,2,double_oracle,56,3.330669e-16
10,2,fictitious_play,56,2.064767e-01
10,2,double_oracle,57,3.330669e-16
10,2,fictitious_play,57,2.029168e-01
10,2,double_oracle,58,3.330669e-16
10,2,fictitious_play,58,2.074261e-01
10,2,double_oracle,59,3.330669e-16
10,2,fictitious_play,59,2.039690e-01
10,2,double_oracle,60,3.330669e-16
10,2,fictitious_play,60,2.006252e-01
10,3,double_oracle,1,1.823437e+00
10,3,fictitious_play,1,1.049317e+00
10,3,double_oracle,2,1.099036e+00
10,3,fictitious_play,2,6.995448e-01
10,3,double_oracle,3,4.159847e-01
10,3,fictitious_play,3,5.272143e-01
10,3,double_oracle,4,7.486286e-01
10,3,fictitious_play,4,4.963625e-01
10,3,double_oracle,5,2.894923e-01
10,3,fictitious_play,5,4.136354e-01
10,3,double_oracle,6,4.397758e-01
10,3,fictitious_play,6,3.545446e-01
10,3,double_oracle,7,3.204356e-01
10,3,fictitious_play,7,3.102265e-01
10,3,double_oracle,8,5.578299e-02
10,3,fictitious_play,8,3.082699e-01
10,3,double_oracle,9,2.220446e-16
10,3,fictitious_play,9,2.774429e-01
10,3,double_oracle,10,2.220446e-16
10,3,fictitious_play,10,2.810495e-01
10,3,double_oracle,11,2.220446e-16
10,3,fictitious_play,11,2.976662e-01
10,3,double_oracle,12,2.220446e-16
10,3,fictitious_play,12,3.408971e-01
10,3,double_oracle,13,2.220446e-16
10,3,fictitious_play,13,3.165473e-01
10,3,double_oracle,14,2.220446e-16
10,3,fictitious_play,14,3.103541e-01
10,3,double_oracle,15,2.220446e-16
10,3,fictitious_play,15,2.909569e-01
10,3,double_oracle,16,2.220446e-16
10,3,fictitious_play,16,3.096196e-01
10,3,double_oracle,17,2.220446e-16
10,3,fictitious_play,17,2.924185e-01
10,3,double_oracle,18,2.220446e-16
10,3,fictitious_play,18,2.770280e-01
10,3,double_oracle,19,2.220446e-16
10,3,fictitious_play,19,2.763746e-01
10,3,double_oracle,20,2.220446e-16
10,3,fictitious_play,20,3.107020e-01
10,3,double_oracle,21,2.220446e-16
10,3,fictitious_play,21,2.965792e-01
10,3,double_oracle,22,2.220446e-16
10,3,fictitious_play,22,3.075547e-01
10,3,double_oracle,23,2.220446e-16
10,3,fictitious_play,23,2.947399e-01
10,3,double_oracle,24,2.220446e-16
10,3,fictitious_play,24,2.829503e-01
10,3,double_oracle,25,2.220446e-16
10,3,fictitious_play,25,2.720676e-01
10,3,double_oracle,26,2.220446e-16
10,3,fictitious_play,26,2.619911e-01
10,3,double_oracle,27,2.220446e-16
10,3,fictitious_play,27,2.526342e-01
10,3,double_oracle,28,2.220446e-16
10,3,fictitious_play,28,2.507284e-01
10,3,double_oracle,29,2.220446e-16
10,3,fictitious_play,29,2.423708e-01
10,3,double_oracle,30,2.220446e-16
10,3,fictitious_play,30,2.345524e-01
10,3,double_oracle,31,2.220446e-16
10,3,fictitious_play,31,2.272226e-01
10,3,double_oracle,32,2.220446e-16
10,3,fictitious_play,32,2.291370e-01
10,3,double_oracle,33,2.220446e-16
10,3,fictitious_play,33,2.223976e-01
10,3,double_oracle,34,2.220446e-16
10,3,fictitious_play,34,2.160434e-01
10,3,double_oracle,35,2.220446e-16
10,3,fictitious_play,35,2.100422e-01
10,3,double_oracle,36,2.220446e-16
10,3,fictitious_play,36,2.043654e-01
10,3,double_oracle,37,2.220446e-16
10,3,fictitious_play,37,1.989874e-01
10,3,double_oracle,38,2.220446e-16
10,3,fictitious_play,38,1.938851e-01
10,3,double_oracle,39,2.220446e-16
10,3,fictitious_play,39,1.890380e-01
10,3,double_oracle,40,2.220446e-16
10,3,fictitious_play,40,1.844273e-01
10,3,double_oracle,41,2.220446e-16
10,3,fictitious_play,41,1.800362e-01
10,3,double_oracle,42,2.220446e-16
10,3,fictitious_play,42,1.758493e-01
10,3,double_oracle,43,2.220446e-16
10,3,fictitious_play,43,1.718527e-01
10,3,double_oracle,44,2.220446e-16
10,3,fictitious_play,44,1.681595e-01
10,3,double_oracle,45,2.220446e-16
10,3,fictitious_play,45,1.645039e-01
10,3,double_oracle,46,2.220446e-16
10,3,fictitious_play,46,1.610038e-01
10,3,double_oracle,47,2.220446e-16
10,3,fictitious_play,47,1.576495e-01
10,3,double_oracle,48,2.220446e-16
10,3,fictitious_play,48,1.544322e-01
10,3,double_oracle,49,2.220446e-16
10,3,fictitious_play,49,1.534339e-01
10,3,double_oracle,50,2.220446e-16
10,3,fictitious_play,50,1.573339e-01
10,3,double_oracle,51,2.220446e-16
10,3,fictitious_play,51,1.583958e-01
10,3,double_oracle,52,2.220446e-16
10,3,fictitious_play,52,1.554072e-01
10,3,double_oracle,53,2.220446e-16
10,3,fictitious_play,53,1.525293e-01
10,3,double_oracle,54,2.220446e-16
10,3,fictitious_play,54,1.497560e-01
10,3,double_oracle,55,2.220446e-16
10,3,fictitious_play,55,1.470818e-01
10,3,double_oracle,56,2.220446e-16
10,3,fictitious_play,56,1.445014e-01
10,3,double_oracle,57,2.220446e-16
10,3,fictitious_play,57,1.420100e-01
10,3,double_oracle,58,2.220446e-16
10,3,fictitious_play,58,1.396031e-01
10,3,double_oracle,59,2.220446e-16
10,3,fictitious_play,59,1.372764e-01
10,3,double_oracle,60,2.220446e-16
10,3,fictitious_play,60,1.369025e-01
10,4,double_oracle,1,1.242094e+00
10,4,fictitious_play,1,1.297165e+00
10,4,double_oracle,2,1.008984e+00
10,4,fictitious_play,2,8.647769e-01
10,4,double_oracle,3,7.543390e-01
10,4,fictitious_play,3,6.904827e-01
10,4,double_oracle,4,9.696004e-01
10,4,fictitious_play,4,5.523862e-01
10,4,double_oracle,5,3.518215e-01
10,4,fictitious_play,5,5.050452e-01
10,4,double_oracle,6,2.947369e-01
10,4,fictitious_play,6,4.328959e-01
10,4,double_oracle,7,3.541402e-01
10,4,fictitious_play,7,4.944574e-01
10,4,double_oracle,8,2.644668e-01
10,4,fictitious_play,8,4.395177e-01
10,4,double_oracle,9,3.538836e-16
10,4,fictitious_play,9,3.955659e-01
10,4,double_oracle,10,3.538836e-16
10,4,fictitious_play,10,3.672177e-01
10,4,double_oracle,11,3.538836e-16
10,4,fictitious_play,11,3.366162e-01
10,4,double_oracle,12,3.538836e-16
10,4,fictitious_play,12,3.107227e-01
10,4,double_oracle,13,3.538836e-16
10,4,fictitious_play,13,2.885282e-01
10,4,double_oracle,14,3.538836e-16
10,4,fictitious_play,14,2.692930e-01
10,4,double_oracle,15,3.538836e-16
10,4,fictitious_play,15,2.561588e-01
10,4,double_oracle,16,3.538836e-16
10,4,fictitious_play,16,2.410906e-01
10,4,double_oracle,17,3.538836e-16
10,4,fictitious_play,17,2.572588e-01
10,4,double_oracle,18,3.538836e-16
10,4,fictitious_play,18,2.437189e-01
10,4,double_oracle,19,3.538836e-16
10,4,fictitious_play,19,2.472259e-01
10,4,double_oracle,20,3.538836e-16
10,4,fictitious_play,20,2.741665e-01
10,4,double_oracle,21,3.538836e-16
10,4,fictitious_play,21,2.617044e-01
10,4,double_oracle,22,3.538836e-16
10,4,fictitious_play,22,2.543267e-01
10,4,double_oracle,23,3.538836e-16
10,4,fictitious_play,23,2.437298e-01
10,4,double_oracle,24,3.538836e-16
10,4,fictitious_play,24,2.339806e-01
10,4,double_oracle,25,3.538836e-16
10,4,fictitious_play,25,2.340216e-01
10,4,double_oracle,26,3.538836e-16
10,4,fictitious_play,26,2.254401e-01
10,4,double_oracle,27,3.538836e-16
10,4,fictitious_play,27,2.210773e-01
10,4,double_oracle,28,3.538836e-16
10,4,fictitious_play,28,2.180222e-01
10,4,double_oracle,29,3.538836e-16
10,4,fictitious_play,29,2.107548e-01
10,4,double_oracle,30,3.538836e-16
10,4,fictitious_play,30,2.039563e-01
10,4,double_oracle,31,3.538836e-16
10,4,fictitious_play,31,1.975826e-01
10,4,double_oracle,32,3.538836e-16
10,4,fictitious_play,32,1.915953e-01
10,4,double_oracle,33,3.538836e-16
10,4,fictitious_play,33,1.859601e-01
10,4,double_oracle,34,3.538836e-16
10,4,fictitious_play,34,1.806470e-01
10,4,double_oracle,35,3.538836e-16
10,4,fictitious_play,35,1.756290e-01
10,4,double_oracle,36,3.538836e-16
10,4,fictitious_play,36,1.708823e-01
10,4,double_oracle,37,3.538836e-16
10,4,fictitious_play,37,1.696976e-01
10,4,double_oracle,38,3.538836e-16
10,4,fictitious_play,38,1.653464e-01
10,4,double_oracle,39,3.538836e-16
10,4,fictitious_play,39,1.612127e-01
10,4,double_oracle,40,3.538836e-16
10,4,fictitious_play,40,1.601933e-01
10,4,double_oracle,41,3.538836e-16
10,4,fictitious_play,41,1.791818e-01
10,4,double_oracle,42,3.538836e-16
10,4,fictitious_play,42,2.104469e-01
10,4,double_oracle,43,3.538836e-16
10,4,fictitious_play,43,2.056640e-01
10,4,double_oracle,44,3.538836e-16
10,4,fictitious_play,44,2.010937e-01
10,4,double_oracle,45,3.538836e-16
10,4,fictitious_play,45,1.968185e-01
10,4,double_oracle,46,3.538836e-16
10,4,fictitious_play,46,1.926309e-01
10,4,double_oracle,47,3.538836e-16
10,4,fictitious_play,47,1.886177e-01
10,4,double_oracle,48,3.538836e-16
10,4,fictitious_play,48,1.848948e-01
10,4,double_oracle,49,3.538836e-16
10,4,fictitious_play,49,1.811969e-01
10,4,double_oracle,50,3.538836e-16
10,4,fictitious_play,50,1.776440e-01
10,4,double_oracle,51,3.538836e-16
10,4,fictitious_play,51,1.794688e-01
10,4,double_oracle,52,3.538836e-16
10,4,fictitious_play,52,1.781581e-01
10,4,double_oracle,53,3.538836e-16
10,4,fictitious_play,53,1.752510e-01
10,4,double_oracle,54,3.538836e-16
10,4,fictitious_play,54,1.791448e-01
10,4,double_oracle,55,3.538836e-16
10,4,fictitious_play,55,1.759458e-01
10,4,double_oracle,56,3.538836e-16
10,4,fictitious_play,56,1.728590e-01
10,4,double_oracle,57,3.538836e-16
10,4,fictitious_play,57,1.698787e-01
10,4,double_oracle,58,3.538836e-16
10,4,fictitious_play,58,1.669994e-01
10,4,double_oracle,59,3.538836e-16
10,4,fictitious_play,59,1.642161e-01
10,4,double_oracle,60,3.538836e-16
10,4,fictitious_play,60,1.615240e-01
50,0,double_oracle,1,2.028788e+00
50,0,fictitious_play,1,1.721157e+00
50,0,double_oracle,2,2.657898e+00
50,0,fictitious_play,2,1.284217e+00
50,0,double_oracle,3,1.301859e+00
50,0,fictitious_play,3,1.056497e+00
50,0,double_oracle,4,1.953114e+00
50,0,fictitious_play,4,9.367254e-01
50,0,double_oracle,5,1.495901e+00
50,0,fictitious_play,5,7.806045e-01
50,0,double_oracle,6,1.682558e+00
50,0,fictitious_play,6,8.626893e-01
50,0,double_oracle,7,1.389667e+00
50,0,fictitious_play,7,8.786177e-01
50,0,double_oracle,8,1.014957e+00
50,0,fictitious_play,8,9.552251e-01
50,0,double_oracle,9,9.334326e-01
50,0,fictitious_play,9,8.597026e-01
50,0,double_oracle,10,7.429139e-01
50,0,fictitious_play,10,7.815478e-01
50,0,double_oracle,11,9.608484e-01
50,0,fictitious_play,11,7.164188e-01
50,0,double_oracle,12,8.419488e-01
50,0,fictitious_play,12,7.136964e-01
50,0,double_oracle,13,7.389336e-01
50,0,fictitious_play,13,6.838179e-01
50,0,double_oracle,14,6.287853e-01
50,0,fictitious_play,14,7.555872e-01
50,0,double_oracle,15,5.356036e-01
50,0,fictitious_play,15,7.083630e-01
50,0,double_oracle,16,6.849744e-01
50,0,fictitious_play,16,6.666946e-01
50,0,double_oracle,17,5.739351e-01
50,0,fictitious_play,17,6.712990e-01
50,0,double_oracle,18,5.026019e-01
50,0,fictitious_play,18,6.759108e-01
50,0,double_oracle,19,6.263606e-01
50,0,fictitious_play,19,6.421153e-01
50,0,double_oracle,20,3.556840e-01
50,0,fictitious_play,20,6.115384e-01
50,0,double_oracle,21,3.102742e-01
50,0,fictitious_play,21,6.221305e-01
50,0,double_oracle,22,2.824144e-01
50,0,fictitious_play,22,5.950814e-01
50,0,double_oracle,23,3.465185e-01
50,0,fictitious_play,23,6.445944e-01
50,0,double_oracle,24,3.473149e-01
50,0,fictitious_play,24,6.188106e-01
50,0,double_oracle,25,2.502828e-01
50,0,fictitious_play,25,6.632749e-01
50,0,double_oracle,26,3.060849e-01
50,0,fictitious_play,26,6.387092e-01
50,0,double_oracle,27,1.804301e-01
50,0,fictitious_play,27,6.505109e-01
50,0,double_oracle,28,2.420965e-01
50,0,fictitious_play,28,6.280795e-01
50,0,double_oracle,29,5.154326e-02
50,0,fictitious_play,29,6.071435e-01
50,0,double_oracle,30,7.701069e-02
50,0,fictitious_play,30,6.110688e-01
50,0,double_oracle,31,1.301618e-02
50,0,fictitious_play,31,5.919729e-01
50,0,double_oracle,32,1.963707e-15
50,0,fictitious_play,32,5.740343e-01
50,0,double_oracle,33,1.963707e-15
50,0,fictitious_play,33,5.571509e-01
50,0,double_oracle,34,1.963707e-15
50,0,fictitious_play,34,5.412323e-01
50,0,double_oracle,35,1.963707e-15
50,0,fictitious_play,35,5.261981e-01
50,0,double_oracle,36,1.963707e-15
50,0,fictitious_play,36,5.287008e-01
50,0,double_oracle,37,1.963707e-15
50,0,fictitious_play,37,5.147876e-01
50,0,double_oracle,38,1.963707e-15
50,0,fictitious_play,38,5.015880e-01
50,0,double_oracle,39,1.963707e-15
50,0,fictitious_play,39,4.890483e-01
50,0,double_oracle,40,1.963707e-15
50,0,fictitious_play,40,4.771203e-01
50,0,double_oracle,41,1.963707e-15
50,0,fictitious_play,41,4.657603e-01
50,0,double_oracle,42,1.963707e-15
50,0,fictitious_play,42,4.549286e-01
50,0,double_oracle,43,1.963707e-15
50,0,fictitious_play,43,4.555221e-01
50,0,double_oracle,44,1.963707e-15
50,0,fictitious_play,44,4.453994e-01
50,0,double_oracle,45,1.963707e-15
50,0,fictitious_play,45,4.611090e-01
50,0,double_oracle,46,1.963707e-15
50,0,fictitious_play,46,4.530539e-01
50,0,double_oracle,47,1.963707e-15
50,0,fictitious_play,47,4.436153e-01
50,0,double_oracle,48,1.963707e-15
50,0,fictitious_play,48,4.345620e-01
50,0,double_oracle,49,1.963707e-15
50,0,fictitious_play,49,4.258707e-01
50,0,double_oracle,50,1.963707e-15
50,0,fictitious_play,50,4.341331e-01
50,0,double_oracle,51,1.963707e-15
50,0,fictitious_play,51,4.257844e-01
50,0,double_oracle,52,1.963707e-15
50,0,fictitious_play,52,4.177507e-01
50,0,double_oracle,53,1.963707e-15
50,0,fictitious_play,53,4.100146e-01
50,0,double_oracle,54,1.963707e-15
50,0,fictitious_play,54,4.134743e-01
50,0,double_oracle,55,1.963707e-15
50,0,fictitious_play,55,4.060909e-01
50,0,double_oracle,56,1.963707e-15
50,0,fictitious_play,56,3.989665e-01
50,0,double_oracle,57,1.963707e-15
50,0,fictitious_play,57,3.920877e-01
50,0,double_oracle,58,1.963707e-15
50,0,fictitious_play,58,3.854422e-01
50,0,double_oracle,59,1.963707e-15
50,0,fictitious_play,59,3.854547e-01
50,0,double_oracle,60,1.963707e-15
50,0,fictitious_play,60,3.791357e-01
50,1,double_oracle,1,2.150157e+00
50,1,fictitious_play,1,1.894753e+00
50,1,double_oracle,2,2.027929e+00
50,1,fictitious_play,2,1.364668e+00
50,1,double_oracle,3,1.332560e+00
50,1,fictitious_play,3,1.242941e+00
50,1,double_oracle,4,2.323466e+00
50,1,fictitious_play,4,1.138649e+00
50,1,double_oracle,5,1.875434e+00
50,1,fictitious_play,5,1.044095e+00
50,1,double_oracle,6,1.136242e+00
50,1,fictitious_play,6,9.068094e-01
50,1,double_oracle,7,1.882964e+00
50,1,fictitious_play,7,8.658907e-01
50,1,double_oracle,8,9.498170e-01
50,1,fictitious_play,8,7.696807e-01
50,1,double_oracle,9,2.252264e+00
50,1,fictitious_play,9,7.233540e-01
50,1,double_oracle,10,9.869539e-01
50,1,fictitious_play,10,6.575946e-01
50,1,double_oracle,11,9.090135e-01
50,1,fictitious_play,11,7.041399e-01
50,1,double_oracle,12,7.801721e-01
50,1,fictitious_play,12,6.997004e-01
50,1,double_oracle,13,8.859113e-01
50,1,fictitious_play,13,6.553971e-01
50,1,double_oracle,14,8.489954e-01
50,1,fictitious_play,14,6.117039e-01
50,1,double_oracle,15,9.540502e-01
50,1,fictitious_play,15,6.388686e-01
50,1,double_oracle,16,8.230373e-01
50,1,fictitious_play,16,6.077455e-01
50,1,double_oracle,17,6.976845e-01
50,1,fictitious_play,17,5.819152e-01
50,1,double_oracle,18,5.105639e-01
50,1,fictitious_play,18,5.722017e-01
50,1,double_oracle,19,4.074022e-01
50,1,fictitious_play,19,5.631677e-01
50,1,double_oracle,20,6.549195e-01
50,1,fictitious_play,20,5.363502e-01
50,1,double_oracle,21,5.318569e-01
50,1,fictitious_play,21,5.428143e-01
50,1,double_oracle,22,5.067633e-01
50,1,fictitious_play,22,5.192137e-01
50,1,double_oracle,23,3.788992e-01
50,1,fictitious_play,23,5.234117e-01
50,1,double_oracle,24,2.311319e-01
50,1,fictitious_play,24,5.439257e-01
50,1,double_oracle,25,3.826624e-01
50,1,fictitious_play,25,5.230055e-01
50,1,double_oracle,26,1.735488e-01
50,1,fictitious_play,26,5.036349e-01
50,1,double_oracle,27,9.987099e-02
50,1,fictitious_play,27,5.306236e-01
50,1,double_oracle,28,1.818858e-01
50,1,fictitious_play,28,5.197107e-01
50,1,double_oracle,29,9.043977e-02
50,1,fictitious_play,29,5.023870e-01
50,1,double_oracle,30,7.928485e-02
50,1,fictitious_play,30,4.861809e-01
50,1,double_oracle,31,3.679670e-02
50,1,fictitious_play,31,4.760644e-01
50,1,double_oracle,32,1.530564e-03
50,1,fictitious_play,32,4.616383e-01
50,1,double_oracle,33,1.602561e-03
50,1,fictitious_play,33,4.480607e-01
50,1,double_oracle,34,1.008742e-15
50,1,fictitious_play,34,4.487532e-01
50,1,double_oracle,35,1.008742e-15
50,1,fictitious_play,35,4.721815e-01
50,1,double_oracle,36,1.008742e-15
50,1,fictitious_play,36,4.594198e-01
50,1,double_oracle,37,1.008742e-15
50,1,fictitious_play,37,4.590707e-01
50,1,double_oracle,38,1.008742e-15
50,1,fictitious_play,38,4.554395e-01
50,1,double_oracle,39,1.008742e-15
50,1,fictitious_play,39,4.440535e-01
50,1,double_oracle,40,1.008742e-15
50,1,fictitious_play,40,4.332229e-01
50,1,double_oracle,41,1.008742e-15
50,1,fictitious_play,41,4.478618e-01
50,1,double_oracle,42,1.008742e-15
50,1,fictitious_play,42,4.374464e-01
50,1,double_oracle,43,1.008742e-15
50,1,fictitious_play,43,4.528435e-01
50,1,double_oracle,44,1.008742e-15
50,1,fictitious_play,44,4.427803e-01
50,1,double_oracle,45,1.008742e-15
50,1,fictitious_play,45,4.331546e-01
50,1,double_oracle,46,1.008742e-15
50,1,fictitious_play,46,4.239386e-01
50,1,double_oracle,47,1.008742e-15
50,1,fictitious_play,47,4.151065e-01
50,1,double_oracle,48,1.008742e-15
50,1,fictitious_play,48,4.066350e-01
50,1,double_oracle,49,1.008742e-15
50,1,fictitious_play,49,3.985023e-01
50,1,double_oracle,50,1.008742e-15
50,1,fictitious_play,50,4.028334e-01
50,1,double_oracle,51,1.008742e-15
50,1,fictitious_play,51,4.066872e-01
50,1,double_oracle,52,1.008742e-15
50,1,fictitious_play,52,3.990139e-01
50,1,double_oracle,53,1.008742e-15
50,1,fictitious_play,53,4.045152e-01
50,1,double_oracle,54,1.008742e-15
50,1,fictitious_play,54,3.971604e-01
50,1,double_oracle,55,1.008742e-15
50,1,fictitious_play,55,3.910867e-01
50,1,double_oracle,56,1.008742e-15
50,1,fictitious_play,56,3.842256e-01
50,1,double_oracle,57,1.008742e-15
50,1,fictitious_play,57,3.776010e-01
50,1,double_oracle,58,1.008742e-15
50,1,fictitious_play,58,3.712010e-01
50,1,double_oracle,59,1.008742e-15
50,1,fictitious_play,59,3.665196e-01
50,1,double_oracle,60,1.008742e-15
50,1,fictitious_play,60,3.648438e-01
50,2,double_oracle,1,1.923547e+00
50,2,fictitious_play,1,1.741096e+00
50,2,double_oracle,2,2.475896e+00
50,2,fictitious_play,2,1.410818e+00
50,2,double_oracle,3,2.009850e+00
50,2,fictitious_play,3,1.058113e+00
50,2,double_oracle,4,1.506779e+00
50,2,fictitious_play,4,1.008744e+00
50,2,double_oracle,5,1.230463e+00
50,2,fictitious_play,5,1.043376e+00
50,2,double_oracle,6,1.428507e+00
50,2,fictitious_play,6,1.049339e+00
50,2,double_oracle,7,1.219794e+00
50,2,fictitious_play,7,1.002248e+00
50,2,double_oracle,8,1.113734e+00
50,2,fictitious_play,8,9.461539e-01
50,2,double_oracle,9,1.550972e+00
50,2,fictitious_play,9,8.932538e-01
50,2,double_oracle,10,7.626543e-01
50,2,fictitious_play,10,8.120489e-01
50,2,double_oracle,11,8.625942e-01
50,2,fictitious_play,11,7.443782e-01
50,2,double_oracle,12,1.044602e+00
50,2,fictitious_play,12,6.871183e-01
50,2,double_oracle,13,5.812738e-01
50,2,fictitious_play,13,6.715062e-01
50,2,double_oracle,14,7.038011e-01
50,2,fictitious_play,14,6.650184e-01
50,2,double_oracle,15,5.645621e-01
50,2,fictitious_play,15,6.634910e-01
50,2,double_oracle,16,6.356143e-01
50,2,fictitious_play,16,6.244622e-01
50,2,double_oracle,17,5.326741e-01
50,2,fictitious_play,17,6.243834e-01
50,2,double_oracle,18,6.583921e-01
50,2,fictitious_play,18,6.115798e-01
50,2,double_oracle,19,6.948084e-01
50,2,fictitious_play,19,5.810008e-01
50,2,double_oracle,20,5.333559e-01
50,2,fictitious_play,20,5.610073e-01
50,2,double_oracle,21,8.064544e-01
50,2,fictitious_play,21,5.420553e-01
50,2,double_oracle,22,4.479608e-01
50,2,fictitious_play,22,5.414610e-01
50,2,double_oracle,23,3.748705e-01
50,2,fictitious_play,23,5.235905e-01
50,2,double_oracle,24,4.222231e-01
50,2,fictitious_play,24,5.026469e-01
50,2,double_oracle,25,4.300334e-01
50,2,fictitious_play,25,4.833143e-01
50,2,double_oracle,26,2.873866e-01
50,2,fictitious_play,26,4.951824e-01
50,2,double_oracle,27,2.655482e-01
50,2,fictitious_play,27,4.774973e-01
50,2,double_oracle,28,2.391137e-01
50,2,fictitious_play,28,5.104154e-01
50,2,double_oracle,29,2.233348e-01
50,2,fictitious_play,29,4.934015e-01
50,2,double_oracle,30,1.916675e-01
50,2,fictitious_play,30,4.774854e-01
50,2,double_oracle,31,2.455047e-01
50,2,fictitious_play,31,4.995179e-01
50,2,double_oracle,32,1.552461e-01
50,2,fictitious_play,32,4.843810e-01
50,2,double_oracle,33,2.221131e-01
50,2,fictitious_play,33,4.861499e-01
50,2,double_oracle,34,2.197730e-01
50,2,fictitious_play,34,4.722599e-01
50,2,double_oracle,35,2.167057e-01
50,2,fictitious_play,35,4.591416e-01
50,2,double_oracle,36,2.592369e-01
50,2,fictitious_play,36,4.467323e-01
50,2,double_oracle,37,8.823076e-02
50,2,fictitious_play,37,4.349762e-01
50,2,double_oracle,38,3.457854e-02
50,2,fictitious_play,38,4.614044e-01
50,2,double_oracle,39,1.151856e-15
50,2,fictitious_play,39,4.498693e-01
50,2,double_oracle,40,1.158795e-15
50,2,fictitious_play,40,4.644691e-01
50,2,double_oracle,41,1.158795e-15
50,2,fictitious_play,41,4.594245e-01
50,2,double_oracle,42,1.158795e-15
50,2,fictitious_play,42,4.487402e-01
50,2,double_oracle,43,1.158795e-15
50,2,fictitious_play,43,4.505377e-01
50,2,double_oracle,44,1.158795e-15
50,2,fictitious_play,44,4.405258e-01
50,2,double_oracle,45,1.158795e-15
50,2,fictitious_play,45,4.309491e-01
50,2,double_oracle,46,1.158795e-15
50,2,fictitious_play,46,4.217800e-01
50,2,double_oracle,47,1.158795e-15
50,2,fictitious_play,47,4.129929e-01
50,2,double_oracle,48,1.158795e-15
50,2,fictitious_play,48,4.194293e-01
50,2,double_oracle,49,1.158795e-15
50,2,fictitious_play,49,4.110407e-01
50,2,double_oracle,50,1.158795e-15
50,2,fictitious_play,50,4.029811e-01
50,2,double_oracle,51,1.158795e-15
50,2,fictitious_play,51,3.952315e-01
50,2,double_oracle,52,1.158795e-15
50,2,fictitious_play,52,4.078112e-01
50,2,double_oracle,53,1.158795e-15
50,2,fictitious_play,53,4.002592e-01
50,2,double_oracle,54,1.158795e-15
50,2,fictitious_play,54,3.929817e-01
50,2,double_oracle,55,1.158795e-15
50,2,fictitious_play,55,3.859642e-01
50,2,double_oracle,56,1.158795e-15
50,2,fictitious_play,56,3.838378e-01
50,2,double_oracle,57,1.158795e-15
50,2,fictitious_play,57,3.772199e-01
50,2,double_oracle,58,1.158795e-15
50,2,fictitious_play,58,3.708264e-01
50,2,double_oracle,59,1.158795e-15
50,2,fictitious_play,59,3.655013e-01
50,2,double_oracle,60,1.158795e-15
50,2,fictitious_play,60,3.612902e-01
50,3,double_oracle,1,2.435181e+00
50,3,fictitious_play,1,1.410534e+00
50,3,double_oracle,2,2.148148e+00
50,3,fictitious_play,2,1.558442e+00
50,3,double_oracle,3,1.154342e+00
50,3,fictitious_play,3,1.566799e+00
50,3,double_oracle,4,2.271866e+00
50,3,fictitious_play,4,1.564516e+00
50,3,double_oracle,5,1.012522e+00
50,3,fictitious_play,5,1.303763e+00
50,3,double_oracle,6,1.119249e+00
50,3,fictitious_play,6,1.242374e+00
50,3,double_oracle,7,1.350353e+00
50,3,fictitious_play,7,1.091501e+00
50,3,double_oracle,8,1.377700e+00
50,3,fictitious_play,8,9.739104e-01
50,3,double_oracle,9,1.181988e+00
50,3,fictitious_play,9,8.765194e-01
50,3,double_oracle,10,1.055870e+00
50,3,fictitious_play,10,8.364996e-01
50,3,double_oracle,11,7.290216e-01
50,3,fictitious_play,11,8.983971e-01
50,3,double_oracle,12,1.171711e+00
50,3,fictitious_play,12,8.751161e-01
50,3,double_oracle,13,5.907063e-01
50,3,fictitious_play,13,8.438221e-01
50,3,double_oracle,14,6.991237e-01
50,3,fictitious_play,14,7.875673e-01
50,3,double_oracle,15,5.467672e-01
50,3,fictitious_play,15,7.951430e-01
50,3,double_oracle,16,6.791671e-01
50,3,fictitious_play,16,7.586036e-01
50,3,double_oracle,17,3.938694e-01
50,3,fictitious_play,17,7.488187e-01
50,3,double_oracle,18,6.826035e-01
50,3,fictitious_play,18,7.136482e-01
50,3,double_oracle,19,5.775260e-01
50,3,fictitious_play,19,6.779657e-01
50,3,double_oracle,20,4.108146e-01
50,3,fictitious_play,20,7.115611e-01
50,3,double_oracle,21,6.654056e-01
50,3,fictitious_play,21,7.094124e-01
50,3,double_oracle,22,4.120832e-01
50,3,fictitious_play,22,6.785684e-01
50,3,double_oracle,23,4.061047e-01
50,3,fictitious_play,23,6.803366e-01
50,3,double_oracle,24,2.410898e-01
50,3,fictitious_play,24,6.531231e-01
50,3,double_oracle,25,1.909904e-01
50,3,fictitious_play,25,6.291835e-01
50,3,double_oracle,26,4.073349e-01
50,3,fictitious_play,26,6.058804e-01
50,3,double_oracle,27,2.386665e-01
50,3,fictitious_play,27,6.203276e-01
50,3,double_oracle,28,1.803035e-01
50,3,fictitious_play,28,5.989370e-01
50,3,double_oracle,29,1.237530e-01
50,3,fictitious_play,29,5.789724e-01
50,3,double_oracle,30,1.070445e-01
50,3,fictitious_play,30,5.665381e-01
50,3,double_oracle,31,1.555504e-01
50,3,fictitious_play,31,5.488338e-01
50,3,double_oracle,32,9.104820e-02
50,3,fictitious_play,32,5.456008e-01
50,3,double_oracle,33,4.148539e-02
50,3,fictitious_play,33,5.468969e-01
50,3,double_oracle,34,5.065393e-16
50,3,fictitious_play,34,5.312712e-01
50,3,double_oracle,35,5.065393e-16
50,3,fictitious_play,35,5.165137e-01
50,3,double_oracle,36,5.065393e-16
50,3,fictitious_play,36,5.075172e-01
50,3,double_oracle,37,5.065393e-16
50,3,fictitious_play,37,4.941615e-01
50,3,double_oracle,38,5.065393e-16
50,3,fictitious_play,38,4.821849e-01
50,3,double_oracle,39,5.065393e-16
50,3,fictitious_play,39,4.741050e-01
50,3,double_oracle,40,4.926615e-16
50,3,fictitious_play,40,4.625415e-01
50,3,double_oracle,41,4.926615e-16
50,3,fictitious_play,41,4.515286e-01
50,3,double_oracle,42,4.926615e-16
50,3,fictitious_play,42,4.410279e-01
50,3,double_oracle,43,4.926615e-16
50,3,fictitious_play,43,4.314431e-01
50,3,double_oracle,44,4.926615e-16
50,3,fictitious_play,44,4.218555e-01
50,3,double_oracle,45,4.926615e-16
50,3,fictitious_play,45,4.274067e-01
50,3,double_oracle,46,4.926615e-16
50,3,fictitious_play,46,4.183129e-01
50,3,double_oracle,47,4.926615e-16
50,3,fictitious_play,47,4.095981e-01
50,3,double_oracle,48,4.926615e-16
50,3,fictitious_play,48,4.263490e-01
50,3,double_oracle,49,4.926615e-16
50,3,fictitious_play,49,4.178543e-01
50,3,double_oracle,50,4.926615e-16
50,3,fictitious_play,50,4.096611e-01
50,3,double_oracle,51,4.926615e-16
50,3,fictitious_play,51,4.096197e-01
50,3,double_oracle,52,4.926615e-16
50,3,fictitious_play,52,4.018910e-01
50,3,double_oracle,53,4.926615e-16
50,3,fictitious_play,53,3.979638e-01
50,3,double_oracle,54,4.926615e-16
50,3,fictitious_play,54,3.907281e-01
50,3,double_oracle,55,4.926615e-16
50,3,fictitious_play,55,3.837509e-01
50,3,double_oracle,56,4.926615e-16
50,3,fictitious_play,56,3.770184e-01
50,3,double_oracle,57,4.926615e-16
50,3,fictitious_play,57,3.722978e-01
50,3,double_oracle,58,4.926615e-16
50,3,fictitious_play,58,3.659877e-01
50,3,double_oracle,59,4.926615e-16
50,3,fictitious_play,59,3.598879e-01
50,3,double_oracle,60,4.926615e-16
50,3,fictitious_play,60,3.573543e-01
50,4,double_oracle,1,2.178441e+00
50,4,fictitious_play,1,1.451579e+00
50,4,double_oracle,2,2.027688e+00
50,4,fictitious_play,2,1.531763e+00
50,4,double_oracle,3,1.992182e+00
50,4,fictitious_play,3,1.362410e+00
50,4,double_oracle,4,1.566339e+00
50,4,fictitious_play,4,1.159513e+00
50,4,double_oracle,5,1.440724e+00
50,4,fictitious_play,5,1.029550e+00
50,4,double_oracle,6,1.165635e+00
50,4,fictitious_play,6,1.103003e+00
50,4,double_oracle,7,8.323454e-01
50,4,fictitious_play,7,1.032027e+00
50,4,double_oracle,8,1.016040e+00
50,4,fictitious_play,8,9.173569e-01
50,4,double_oracle,9,1.050308e+00
50,4,fictitious_play,9,8.256212e-01
50,4,double_oracle,10,1.036019e+00
50,4,fictitious_play,10,8.420799e-01
50,4,double_oracle,11,7.511190e-01
50,4,fictitious_play,11,7.719065e-01
50,4,double_oracle,12,1.168737e+00
50,4,fictitious_play,12,7.125291e-01
50,4,double_oracle,13,8.050647e-01
50,4,fictitious_play,13,6.616342e-01
50,4,double_oracle,14,5.940935e-01
50,4,fictitious_play,14,6.702919e-01
50,4,double_oracle,15,8.033411e-01
50,4,fictitious_play,15,6.283987e-01
50,4,double_oracle,16,4.004194e-01
50,4,fictitious_play,16,6.160752e-01
50,4,double_oracle,17,5.329044e-01
50,4,fictitious_play,17,5.873908e-01
50,4,double_oracle,18,4.477361e-01
50,4,fictitious_play,18,5.588386e-01
50,4,double_oracle,19,3.828529e-01
50,4,fictitious_play,19,5.308967e-01
50,4,double_oracle,20,4.753789e-01
50,4,fictitious_play,20,5.621063e-01
50,4,double_oracle,21,4.601879e-01
50,4,fictitious_play,21,5.648387e-01
50,4,double_oracle,22,4.935300e-01
50,4,fictitious_play,22,5.594446e-01
50,4,double_oracle,23,2.691433e-01
50,4,fictitious_play,23,5.361344e-01
50,4,double_oracle,24,2.681918e-01
50,4,fictitious_play,24,5.457399e-01
50,4,double_oracle,25,4.378896e-01
50,4,fictitious_play,25,5.247499e-01
50,4,double_oracle,26,2.843417e-01
50,4,fictitious_play,26,5.168307e-01
50,4,double_oracle,27,1.549958e-01
50,4,fictitious_play,27,5.152067e-01
50,4,double_oracle,28,2.168928e-01
50,4,fictitious_play,28,4.974410e-01
50,4,double_oracle,29,2.275442e-01
50,4,fictitious_play,29,5.098892e-01
50,4,double_oracle,30,1.461450e-01
50,4,fictitious_play,30,4.934411e-01
50,4,double_oracle,31,8.940845e-02
50,4,fictitious_play,31,4.780211e-01
50,4,double_oracle,32,7.559559e-02
50,4,fictitious_play,32,4.851715e-01
50,4,double_oracle,33,1.550074e-02
50,4,fictitious_play,33,4.709018e-01
50,4,double_oracle,34,1.165734e-15
50,4,fictitious_play,34,4.574474e-01
50,4,double_oracle,35,1.165734e-15
50,4,fictitious_play,35,4.521604e-01
50,4,double_oracle,36,1.165734e-15
50,4,fictitious_play,36,4.399398e-01
50,4,double_oracle,37,1.165734e-15
50,4,fictitious_play,37,4.351972e-01
50,4,double_oracle,38,1.165734e-15
50,4,fictitious_play,38,4.396704e-01
50,4,double_oracle,39,1.165734e-15
50,4,fictitious_play,39,4.376837e-01
50,4,double_oracle,40,1.165734e-15
50,4,fictitious_play,40,4.332225e-01
50,4,double_oracle,41,1.165734e-15
50,4,fictitious_play,41,4.252209e-01
50,4,double_oracle,42,1.165734e-15
50,4,fictitious_play,42,4.153321e-01
50,4,double_oracle,43,1.165734e-15
50,4,fictitious_play,43,4.058927e-01
50,4,double_oracle,44,1.165734e-15
50,4,fictitious_play,44,3.974002e-01
50,4,double_oracle,45,1.165734e-15
50,4,fictitious_play,45,3.887611e-01
50,4,double_oracle,46,1.165734e-15
50,4,fictitious_play,46,3.804896e-01
50,4,double_oracle,47,1.165734e-15
50,4,fictitious_play,47,3.725627e-01
50,4,double_oracle,48,1.165734e-15
50,4,fictitious_play,48,3.687413e-01
50,4,double_oracle,49,1.165734e-15
50,4,fictitious_play,49,3.725522e-01
50,4,double_oracle,50,1.165734e-15
50,4,fictitious_play,50,3.652473e-01
50,4,double_oracle,51,1.165734e-15
50,4,fictitious_play,51,3.582233e-01
50,4,double_oracle,52,1.165734e-15
50,4,fictitious_play,52,3.534372e-01
50,4,double_oracle,53,1.165734e-15
50,4,fictitious_play,53,3.656589e-01
50,4,double_oracle,54,1.165734e-15
50,4,fictitious_play,54,3.590105e-01
50,4,double_oracle,55,1.165734e-15
50,4,fictitious_play,55,3.525996e-01
50,4,double_oracle,56,1.165734e-15
50,4,fictitious_play,56,3.464137e-01
50,4,double_oracle,57,1.165734e-15
50,4,fictitious_play,57,3.457193e-01
50,4,double_oracle,58,1.165734e-15
50,4,fictitious_play,58,3.398596e-01
50,4,double_oracle,59,1.165734e-15
50,4,fictitious_play,59,3.409407e-01
50,4,double_oracle,60,1.165734e-15
50,4,fictitious_play,60,3.353516e-01
